<?xml version="1.0" encoding="utf-8" ?>

<divcolors>
    <div1>
    	<color1>Yellow</color1>
    </div1>
    <div2>
    	<color2>Teal</color2>
    </div2>
    <div3>
    	<color3>Red</color3>
    </div3>
    <div4>
    	<color4>Orange</color4>
    </div4>
    <div5>
    	<color5>Beige</color5>
    </div5>
    <div6>
    	<color6>Olive</color6>
    </div6>
    <div7>
    	<color7>Taup</color7>
    </div7>
    <div8>
    	<color8>Indigo</color8>
    </div8>
    <div9>
    	<color9>Green</color9>
    </div9>
    <div10>
    	<color10>Grey</color10>
    </div10>
    <div11>
    	<color11>FireBrick</color11>
    </div11>
    <div12>
    	<color12>DodgerBlue</color12>
    </div12>
    <div13>
    	<color13>DarkGray</color13>
    </div13>
    <div14>
    	<color14>Cyan</color14>
    </div14>
    <div15>
    	<color15>CornflowerBlue</color15>
    </div15>
    <div16>
    	<color16>Chartreuse</color16>
    </div16>
    <div17>
    	<color17>Brown</color17>
    </div17>
    <div18>
    	<color18>Blue</color18>
    </div18>
    <div19>
    	<color19>Bisque</color19>
    </div19>
    <div20>
    	<color20>Aqua</color20>
    </div20>
</divcolors>